{"cameraMode":{"drawMode":0,"name":"Shaded","section":"Shading Mode"},"sceneLighting":true,"audioPlay":false,"sceneViewState":{"showFog":true,"showMaterialUpdate":false,"showSkybox":true,"showFlares":true,"showImageEffects":true,"showParticleSystems":true},"in2DMode":false,"pivot":{"x":547.7432250976563,"y":466.7513732910156,"z":-509.7937927246094},"rotation":{"x":-0.0038743875920772554,"y":0.019448142498731614,"z":-0.0013960965443402529,"w":-1.000044345855713},"size":166.42404174804688,"orthographic":false}